,,,,,,,,,,,,,CURRENT,,,,,,,,,
,NO,STATION NUMBER,WIGOS ID,STATION NAME,STATE,DISTRICT,LAT.  °N,LONG. °E,"LAT
(DECIMAL DEGREES)","LONG
(DECIMAL DEGREES)",HEIGHT ABOVE MSL (meter),STATUS,STATION TYPE,UPPERAIR,STATION START DATE,STATION START YEAR,ADA PEMERHATI STN (YES / NO),"STATION CLOSED DATE 
(for CLOSED stn only)",LAST DATA RECEIVED,"OPERATION HOURS 
(for Principal stn only)",AGENCY,NOTE
,1,48604,0-20000-0-48604,CHUPING,PERLIS,PERLIS,"6° 28' 47.23""","100° 15' 36""",6.479785,100.26,21.7,ACTIVE,PRINCIPAL STATION,NO,01/Jan/1979,1979,N/A,NIL,NIL,24 HOURS,MET,
,2,48603,0-20000-0-48603,ALOR SETAR,KEDAH,KOTA SETAR,"6° 12' 1.97""","100° 24' 13.79""",6.200548,100.40383,3.9,ACTIVE,PRINCIPAL STATION,NO,1951,1951,N/A,NIL,NIL,24 HOURS,MET,
,3,48600,0-20000-0-48600,PULAU LANGKAWI,KEDAH,PULAU LANGKAWI,"6° 20' 11.84""","99° 43' 35.81""",6.336623,99.726613,6.4,ACTIVE,PRINCIPAL STATION,NO,01/Jul/1987,1987,N/A,NIL,NIL,24 HOURS,MET,
,5,48602,0-20000-0-48602,BUTTERWORTH,PULAU PINANG,SEBERANG PERAI (DAERAH UTARA),"5° 27' 26.3""","100° 23' 17.84""",5.457305,100.388288,3.33,ACTIVE,PRINCIPAL STATION,NO,1969,1969,N/A,NIL,NIL,24 HOURS,MET,
,4,48601,0-20000-0-48601,BAYAN LEPAS,PULAU PINANG,BARAT DAYA,"5° 17' 48.76""","100° 16' 19.66""",5.296877,100.272129,2.46,ACTIVE,PRINCIPAL STATION,YES,1951,1951,N/A,NIL,NIL,24 HOURS,MET,
,7,48623,0-20000-0-48623,LUBOK MERBAU,PERAK,KUALA KANGSAR,"4° 47' 40.89""","100° 53' 44.89""",4.794691,100.895804,77.5,ACTIVE,PRINCIPAL STATION,NO,11/Jan/1993,1993,N/A,NIL,NIL,24 HOURS,MET,
,6,48625,0-20000-0-486255,IPOH,PERAK,KINTA,"4° 33' 58.94""","101° 5' 36.12""",4.566371,101.093367,40.1,ACTIVE,PRINCIPAL STATION,NO,1951,1951,N/A,NIL,NIL,24 HOURS,MET,
,8,48620,0-20000-0-48620,SITIAWAN,PERAK,MANJUNG,"4° 13' 16.01""","100° 42' 3.7""",4.221115,100.701029,6.78,ACTIVE,PRINCIPAL STATION,NO,1951,1951,N/A,NIL,NIL,24 HOURS,MET,
,10,48647,0-20000-0-48647,SUBANG,SELANGOR,PETALING,"3° 7' 50.01""","101° 33' 8.99""",3.130558,101.552496,16.64,ACTIVE,PRINCIPAL STATION,NO,1966,1966,N/A,NIL,NIL,24 HOURS,MET,
,9,48650,0-20000-0-48650,KLIA SEPANG,SELANGOR,SEPANG,"2° 43' 51.03""","101° 42' 11.46""",2.730842,101.703183,16.11,ACTIVE,PRINCIPAL STATION,YES,01/Jul/1998,1998,N/A,NIL,NIL,24 HOURS,MET,
,11,48651,0-20000-0-48651,KUALA PILAH,NEGERI SEMBILAN,KUALA PILAH,"2° 43' 36.38""","102° 14' 57.19""",2.726771,102.24922,144,ACTIVE,PRINCIPAL STATION,NO,22/Mar/2012,2012,N/A,NIL,NIL,24 HOURS,MET,
,12,48665,0-20000-0-48665,MELAKA,MELAKA,MELAKA TENGAH,"2° 15' 18.37""","102° 14' 36.95""",2.255102,102.243598,8.5,ACTIVE,PRINCIPAL STATION,NO,1951,1951,N/A,NIL,NIL,24 HOURS,MET,
,13,48670,0-20000-0-48670,BATU PAHAT,JOHOR,BATU PAHAT,"1° 52' 11.61""","102° 59' 23.58""",1.869893,102.989882,6.3,ACTIVE,PRINCIPAL STATION,NO,01/Aug/1992,1992,N/A,NIL,NIL,24 HOURS,MET,
,14,48672,0-20000-0-48672,KLUANG,JOHOR,KLUANG,"2° 0' 53.78""","103° 19' 0.85""",2.014939,103.316903,88.1,ACTIVE,PRINCIPAL STATION,NO,1974,1974,N/A,NIL,NIL,24 HOURS,MET,
,16,48679,0-20000-0-48679,SENAI,JOHOR,JOHOR BAHRU,"1° 38' 18.14""","103° 39' 57.05""",1.638373,103.665846,37.8,ACTIVE,PRINCIPAL STATION,NO,01/Feb/1974,1974,N/A,NIL,NIL,24 HOURS,MET,
,15,48674,0-20000-0-48674,MERSING,JOHOR,MERSING,"2° 26' 41.99""","103° 49' 51.95""",2.444998,103.831096,43.6,ACTIVE,PRINCIPAL STATION,NO,1951,1951,N/A,NIL,NIL,24 HOURS,MET,
,17,48615,0-20000-0-48615,KOTA BHARU,KELANTAN,KOTA BHARU,"6° 9' 49.55""","102° 18' 2.16""",6.163765,102.300599,4.36,ACTIVE,PRINCIPAL STATION,YES,1951,1951,N/A,NIL,NIL,24 HOURS,MET,
,18,48616,0-20000-0-48616,KUALA KRAI,KELANTAN,KUALA KRAI,"5° 34' 22.81""","102° 11' 59.2""",5.573004,102.199779,68.3,ACTIVE,PRINCIPAL STATION,NO,12/Nov/1984,1984,N/A,NIL,NIL,24 HOURS,MET,
,19,48617,0-458-0-48617,GONG KEDAK,TERENGGANU,BESUT,"5° 47' 55.64""","102° 30' 5.51""",5.798789,102.50153,8.12,ACTIVE,PRINCIPAL STATION,NO,01/Sep/2006,2006,N/A,NIL,NIL,24 HOURS,MET,
,21,48618,0-20000-0-48618,KUALA TERENGGANU,TERENGGANU,KUALA TERENGGANU,"5° 22' 57.68""","103° 6' 27.75""",5.382688,103.107708,5.2,ACTIVE,PRINCIPAL STATION,NO,01/Jan/1985,1985,N/A,NIL,NIL,24 HOURS,MET,
,20,48614,0-458-0-48614,KERTEH,TERENGGANU,KEMAMAN,"4° 32' 23.83""","103° 25' 44.83""",4.539953,103.42912,3.71,ACTIVE,PRINCIPAL STATION,NO,28/Jan/2015,2015,N/A,NIL,NIL,12 HOURS,MET,
,23,48632,0-20000-0-48632,CAMERON HIGHLANDS,PAHANG,CAMERON HIGHLANDS,"4° 29' 3.67""","101° 22' 16.78""",4.484353,101.371328,1545,ACTIVE,PRINCIPAL STATION,NO,01/Apr/1983,1983,N/A,NIL,NIL,24 HOURS,MET,
,22,48642,0-20000-0-48642,BATU EMBUN,PAHANG,JERANTUT,"3° 58' 15.61""","102° 20' 52.83""",3.971003,102.348009,59.5,ACTIVE,PRINCIPAL STATION,NO,10/May/1982,1982,N/A,NIL,NIL,24 HOURS,MET,
,24,48657,0-20000-0-48657,KUANTAN,PAHANG,KUANTAN,"3° 46' 19.88""","103° 12' 42.47""",3.772188,103.211796,15.23,ACTIVE,PRINCIPAL STATION,YES,1951,1951,N/A,NIL,NIL,24 HOURS,MET,
,26,48653,0-20000-0-48653,TEMERLOH,PAHANG,TEMERLOH,"3° 28' 16.33""","102° 22' 43.87""",3.471203,102.378853,39.1,ACTIVE,PRINCIPAL STATION,NO,01/Aug/1978,1978,N/A,NIL,NIL,24 HOURS,MET,
,25,48649,0-20000-0-48649,MUADZAM SHAH,PAHANG,ROMPIN,"3° 3' 10.85""","103° 5' 7.72""",3.053014,103.085479,33.3,ACTIVE,PRINCIPAL STATION,NO,01/Aug/1983,1983,N/A,NIL,NIL,24 HOURS,MET,
,27,96413,0-20000-0-96413,KUCHING,SARAWAK,KUCHING,"1° 29' 25.4""","110° 21' 9.57""",1.490388,110.352657,20.86,ACTIVE,PRINCIPAL STATION,YES,1951,1951,N/A,NIL,NIL,24 HOURS,MET,
,28,96418,0-20000-0-96418,SRI AMAN,SARAWAK,SRI AMAN,"1° 13' 18.79""","111° 27' 56.92""",1.221885,111.46581,9.6,ACTIVE,PRINCIPAL STATION,NO,1-Jan-83,1983,N/A,NIL,NIL,11 HOURS,MET,
,29,96421,0-20000-0-96421,SIBU,SARAWAK,SIBU,"2° 15' 29.67""","111° 59' 5.96""",2.258241,111.98499,30.9,ACTIVE,PRINCIPAL STATION,NO,1962,1962,N/A,NIL,NIL,24 HOURS,MET,
,30,96451,0-458-0-96451,MUKAH,SARAWAK,MUKAH,"2° 53' 22.45""","112° 2' 35.39""",2.889569,112.043164,38.25,ACTIVE,PRINCIPAL STATION,NO,22/4/2021,2021,N/A,NIL,NIL,11 HOURS,MET,
,31,96420,0-458-0-96420,KAPIT,SARAWAK,KAPIT,"2° 0' 28.43""","112° 55' 44.88""",2.007896,112.929133,35,ACTIVE,PRINCIPAL STATION,NO,1-Jan-07,2007,N/A,NIL,NIL,11 HOURS,MET,
,32,96441,0-20000-0-96441,BINTULU,SARAWAK,BINTULU,"3° 7' 12.09""","113° 1' 28.57""",3.120026,113.024603,24.29,ACTIVE,PRINCIPAL STATION,YES,1951,1951,N/A,NIL,NIL,24 HOURS,MET,
,33,96449,0-20000-0-96449,MIRI,SARAWAK,MIRI,"4° 18' 55.37""","113° 58' 44.77""",4.315381,113.979102,17,ACTIVE,PRINCIPAL STATION,NO,1951,1951,N/A,NIL,NIL,24 HOURS,MET,
,34,96448,0-458-0-96448,MULU,SARAWAK,MARUDI,"4° 2' 54.11""","114° 48' 35.09""",4.048365,114.809747,26.2,ACTIVE,PRINCIPAL STATION,NO,1-Nov-06,2006,N/A,NIL,NIL,12 HOURS,MET,
,35,96450,0-458-0-96450,LIMBANG,SARAWAK,LIMBANG,"4° 48' 30.92""","115° 0' 25.8""",4.808588,115.007166,3.6,ACTIVE,PRINCIPAL STATION,NO,1-Jul-06,2006,N/A,NIL,NIL,24 HOURS,MET,
,36,96465,0-20000-0-96465,LABUAN,WP LABUAN,LABUAN,"5° 18' 27.06""","115° 14' 32.68""",5.307518,115.242411,27.9,ACTIVE,PRINCIPAL STATION,NO,1951,1951,N/A,NIL,NIL,24 HOURS,MET,
,37,96467,0-458-0-96467,KENINGAU,SABAH,KENINGAU,"5° 20' 14.49""","116° 8' 11.24""",5.337358,116.136455,319,ACTIVE,PRINCIPAL STATION,NO,1-Aug-09,2009,N/A,NIL,NIL,8 HOURS,MET,
,38,96471,0-20000-0-96471,KOTA KINABALU,SABAH,KOTA KINABALU,"5° 55' 57.29""","116° 2' 50.73""",5.93258,116.047425,2.14,ACTIVE,PRINCIPAL STATION,YES,1951,1951,N/A,NIL,NIL,24 HOURS,MET,
,39,96469,0-458-0-96469,RANAU,SABAH,RANAU,"5° 57' 17.47""","116° 40' 53.93""",5.954852,116.681647,501,ACTIVE,PRINCIPAL STATION,NO,4-Jun-12,2012,N/A,NIL,NIL,24 HOURS,MET,
,40,96477,0-20000-0-96477,KUDAT,SABAH,KUDAT,"6° 55' 18.97""","116° 50' 11.85""",6.921936,116.836624,3.5,ACTIVE,PRINCIPAL STATION,NO,01-Okt-1981,1981,N/A,NIL,NIL,24 HOURS,MET,
,41,96491,0-20000-0-96491,SANDAKAN,SABAH,SANDAKAN,"5° 53' 57.16""","118° 3' 59.34""",5.899212,118.066483,12.09,ACTIVE,PRINCIPAL STATION,NO,1951,1951,N/A,NIL,NIL,24 HOURS,MET,
,42,96481,0-20000-0-96481,TAWAU,SABAH,TAWAU,"4° 18' 58.5""","118° 7' 7.48""",4.316249,118.118744,17.46,ACTIVE,PRINCIPAL STATION,YES,1951,1951,N/A,NIL,NIL,24 HOURS,MET,